"ei_label","mgae","mgan"
"32%",337013.129640341,5805835.34093673
"17%",352885.963633958,5816495.31917543
"32%",346385.233714075,5807631.53085759
"16%",352578.074763452,5804314.86203602
"20%",352653.689686279,5789852.13871648
"4%",356699.668678841,5803996.50196254
"4%",357749.263275775,5811631.25275327
"8%",353466.408886391,5797603.63919552
"19%",350127.018099779,5811720.84077896
