"model","oe_r_squ","oe_slope","pred_95","nrowpredx"
"depth_m_var",0.958303678931918,0.83991169578613,1,53
"depth_m_mean",0.983731094997553,0.930855458653826,1,53
"vel_m_s_var",0.862135569954068,0.834156622708205,0.886792452830189,53
"vel_m_s_mean",0.882726330976628,0.828458952128367,0.962264150943396,53
"min_phi",0.984634248073034,0.923316046302607,1,51
"max_phi",0.972967934317497,0.882125976054796,1,51
"med_phi",0.979578487975791,0.91357319007846,1,51
